Noise_Type,Vx_alpha,Vx_beta,Vx_gamma,Vy_alpha,Vy_beta,Vy_gamma,Vz_alpha,Vz_beta,Vz_gamma
one_on_f_noise,-0.37814707,0.7855916,0.0885315,-0.78835624,-0.31156513,0.018026013,0.04579258,-0.071202606,0.7457181
one_on_f_noise_ns,-0.4109773,0.7456377,0.08121831,-0.7554807,-0.2842433,-0.0033809927,0.020561973,-0.07512184,0.69133574
one_on_f_noise_w_bump,-0.43444553,0.7950347,0.086345986,-0.8025155,-0.38027835,-0.004526776,0.028942242,-0.07657619,0.8116569
one_on_f_noise_w_bump_ns,-0.41920638,0.7902482,0.088409595,-0.7922263,-0.33722523,-0.021268284,0.013119244,-0.08735271,0.7771443
coloured_noise,-0.08086198,0.031747017,0.008710863,-0.030855639,-0.07465059,-0.0015618391,0.0056753373,-0.009758415,0.13855565
coloured_noise_ns,-0.02714316,-0.049117263,-0.012816235,0.093228705,-0.18049492,-0.041959733,-0.0046863724,-0.015324652,0.21717568
