Noise_Type,Vx_alpha,Vx_beta,Vx_gamma,Vy_alpha,Vy_beta,Vy_gamma,Vz_alpha,Vz_beta,Vz_gamma
15,-0.44286785,0.7879811,0.092867404,-0.7913925,-0.39011532,0.011450825,0.048877932,-0.075580955,0.8052171
30,-0.43296906,0.79365104,0.10492312,-0.7971663,-0.3840544,-0.009135737,0.035544842,-0.097775936,0.8065756
60,-0.45239308,0.78524756,0.08613611,-0.7927947,-0.3998111,-0.0052865352,0.031550255,-0.076579794,0.8110464
120,-0.51037025,0.74887276,0.095804885,-0.75313,-0.46669215,-0.020120833,0.03036937,-0.08952473,0.81047684
240,-0.6626515,0.6104811,0.09654304,-0.61923426,-0.6303698,-0.045306996,0.035820365,-0.10007107,0.80369467
480,-0.84973234,0.17971082,0.08770622,-0.18985377,-0.8752961,-0.055159777,0.07192479,-0.07404093,0.7893921
